"438","俄罗斯"
"24","中俄关系"
"22","能源合作"
"22","中国"
"20","俄乌冲突"
"20","美国"
"20","大国博弈"
"20","碳中和"
"20","北极"
"18","大国竞争"
"18","能源转型"
"18","乌克兰危机"
"16","乌克兰"
"16","地缘政治"
"16","中俄合作"
"14","能源安全"
"14","金融制裁"
"14","网络安全"
"14","液化天然气"
"14","人工智能"
"14","国家安全"
"14","天然气管道"
"14","美俄关系"
"12","可再生能源"
"12","天然气供应"
"12","国际合作"
"12","俄罗斯外交"
"12","政策"
"12","国际空间站"
"10","大国关系"
"10","外汇储备"
"10","北极地区"
"10","美国军事与外交"
"10","特朗普政府"
"10","独联体"
"10","中俄"
"10","防空系统"
"10","信息安全"
"10","普京"
"10","国家形象"
"10","北极安全"
"10","上海合作组织"
"8","经济制裁"
"8","安全战略"
"8","网络空间"
"8","国际安全"
"8","哈萨克斯坦"
"8","天然气"
"8","欧亚经济联盟"
"8","国防工业"
"8","北极政策"
"8","俄罗斯经济"
"8","启示"
"8","俄欧关系"
"8","人类命运共同体"
"8","高超声速武器"
"8","外交政策"
"8","能源"
"8","数据安全"
"8","粮食安全"
"8","“一带一路”"
"6","“欧佩克+”"
"6","冷战"
"6","原油产量"
"6","乌拉尔"
"6","卢布汇率"
"6","克里米亚"
"6","全球化"
"6","中俄能源合作"
"6","能源战略"
"6","金砖国家"
"6","白俄罗斯"
"6","对策"
"6","煤炭出口"
"6","北极战略"
"6","国际油价"
"6","油气管道"
"6","化石能源"
"6","国际贸易"
"6","社交媒体"
"6","国际传播"
"6","军事行动"
"6","无人机"
"6","军事装备"
"6","空天防御"
"6","防空反导"
"6","后苏联空间"
"6","澳大利亚"
"6","防空导弹系统"
"6","反导系统"
"6","俄美关系"
"6","新冠疫情"
"6","全球治理"
"6","中美关系"
"6","欧盟"
"6","俄国"
"6","高超声速导弹"
"6","非对称"
"6","阿塞拜疆"
"6","职业安全健康"
"6","合作"
"6","风险"
"6","气候变化"
"6","实验舱"
"6","技术论坛"
"6","网络空间治理"
"6","跨境数据流动"
"6","中东欧"
"6","海上安全"
"6","中亚国家"
"6","能源开发"
"4","能源市场"
"4","美国外交"
"4","拜登政府"
"4","伊朗"
"4","国际舆论"
"4","传播策略"
"4","外部因素"
"4","去俄罗斯化"
"4","网络安全战略"
"4","网络战"
"4","委内瑞拉"
"4","国际金融体系"
"4","武装力量"
"4","核战略"
"4","国际新秩序"
"4","生物安全"
"4","油气行业"
"4","安全治理"
"4","安全共同体"
"4","氢能"
"4","低碳转型"
"4","能源产业"
"4","国家能源局"
"4","低碳"
"4","俄日关系"
"4","塔吉克斯坦"
"4","政治"
"4","安全"
"4","俄白联盟"
"4","“颜色革命”"
"4","俄乌局势"
"4","影响"
"4","经济安全"
"4","布伦特原油"
"4","清洁能源"
"4","能源贸易"
"4","管输天然气"
"4","俄罗斯原油"
"4","北约"
"4","国家安全观"
"4","非洲"
"4","新能源"
"4","俄罗斯卢布"
"4","天然气发电"
"4","天然气进口"
"4","油气出口"
"4","黄金储备"
"4","问题"
"4","欧佩克"
"4","原子能"
"4","土耳其外交"
"4","欧洲安全"
"4","习近平"
"4","权力转移"
"4","法律规制"
"4","国家豁免"
"4","原油需求"
"4","煤炭进口"
"4","作战力量"
"4","英国"
"4","数字外交"
"4","天然气资源"
"4","出口量"
"4","身份认同"
"4","克里米亚事件"
"4","俄罗斯民众"
"4","s-550"
"4","国际科技合作"
"4","能源政策"
"4","中亚五国"
"4","中欧关系"
"4","百年大变局"
"4","中国外交"
"4","批评话语分析"
"4","紧急情况"
"4","“冰上丝绸之路”"
"4","北极治理"
"4","国际法"
"4","叙利亚战争"
"4","战略"
"4","发展战略"
"4","沙特阿拉伯"
"4","世界能源市场"
"4","导弹防御系统"
"4","生产安全事故"
"4","应急准备"
"4","卫生安全"
"4","北极问题"
"4","去美元化"
"4","高等教育"
"4","出口额"
"4","印太战略"
"4","过境国"
"4","《俄罗斯联邦国家安全战略》"
"4","安全保障"
"4","中导条约"
"4","大欧洲"
"4","气候政策"
"4","经济发展"
"4","应急管理"
"4","多极世界"
"4","印俄关系"
"4","新冠肺炎疫情"
"4","新式武器"
"4","条约解释"
"4","wto"
"4","借鉴"
"4","“阿拉伯之春”"
"4","数据主权"
"4","苏联解体"
"4","网络主权"
"4","社会网络分析"
"4","德俄关系"
"4","中亚地区"
"4","海外投资风险"
"4","石油"
"4","国家安全战略"
"4","北极航道"
"4","国家利益"
"4","三海倡议"
"4","关键信息基础设施"
"4","无人装备"
"4","武装冲突法"
"4","安全例外条款"
"4","马克思主义"
"4","中国形象"
"4","军事应用"
"4","数据治理"
"4","双层博弈"
"4","对外政策"
"4","北方舰队"
"4","扩员"
"4","对外传播"
"4","印度"
"4","安全合作"
"4","习近平外交思想"
"4","特朗普"
"4","美国大选"
"4","国际关系"
"4","东北亚"
"4","基础设施"
"4","对外援助"
"4","冬奥会"
"2","国际能源秩序"
"2","中东能源政策话语权"
"2","“平衡外交”"
"2","伊核协议"
"2","“印太战略”"
"2","“印太经济框架”"
"2","全球安全倡议"
"2","安全观念"
"2","多民族"
"2","东方文化"
"2","西方文化"
"2","东正教"
"2","自然地理"
"2","俄罗斯体育"
"2","国际主流媒体"
"2","舆论主角"
"2","理论视角"
"2","石油贸易格局"
"2","制裁成本"
"2","制裁路径"
"2","金融安全"
"2","军事冲突"
"2","国家发展战略"
"2","人民币国际化"
"2","欧盟统计局"
"2","汽车零配件"
"2","国际秩序"
"2","欧美关系"
"2","制裁"
"2","全球经济"
"2","对华竞争"
"2","网络威慑"
"2","南太地区"
"2","战略平衡手"
"2","粮食安全保障"
"2","粮食进口"
"2","研讨会综述"
"2","数字基础设施"
"2","自主可控"
"2","5-100计划"
"2","优先-2030计划"
"2","世界一流大学"
"2","军事安全"
"2","形势"
"2","人民币计价"
"2","传统能源"
"2","国际原油市场"
"2","液体燃料"
"2","iea"
"2","一季度"
"2","美国外交政策"
"2","自由国际秩序"
"2","西方国家"
"2","国际清算银行"
"2","世界能源格局"
"2","危机冲击"
"2","联合国"
"2","生物安全法"
"2","生物威胁"
"2","俄罗斯联邦"
"2","生物实验室"
"2","生物安全管理"
"2","管理权限"
"2","双面性"
"2","生物技术"
"2","新军事变革"
"2","特种作战部队"
"2","战争理论"
"2","格拉西莫夫"
"2","发展与实践"
"2","核武器"
"2","核力量"
"2","核威慑"
"2","发展演变"
"2","电子战系统"
"2","地缘政治矛盾"
"2","价值观联盟"
"2","多极化趋势"
"2","生物安全设施"
"2","预警遏制"
"2","生物恐怖"
"2","出口商"
"2","俄罗斯能源"
"2","俄罗斯石油"
"2","俄罗斯国家认同"
"2","互文性话语分析"
"2","俄罗斯数据主权"
"2","俄罗斯数据本地化"
"2","俄罗斯个人信息保护"
"2","俄罗斯—中亚地区"
"2","宏观环境"
"2","滞胀"
"2","脱钩"
"2","北极航运"
"2","多层治理"
"2","治理困境"
"2","路径选择"
"2","北极安全合作"
"2","多元参与"
"2","北极命运共同体"
"2","油气资源"
"2","暴乱"
"2","能源问题"
"2","能源经济"
"2","低碳经济"
"2","经济社会改革"
"2","战略石油储备"
"2","非化石能源"
"2","化工行业"
"2","石油经济"
"2","国际经济体系"
"2","万事达卡"
"2","经济体"
"2","俄罗斯亚太外交"
"2","俄韩关系"
"2","俄蒙关系"
"2","俄越关系"
"2","俄印关系"
"2","俄罗斯与东盟关系"
"2","国家意愿"
"2","多边平衡外交"
"2","新篇章"
"2","黑河学院"
"2","国际交流合作"
"2","情报合作"
"2","情报体系"
"2","情报外交"
"2","情报工作"
"2","建议"
"2","战略三角"
"2","中美俄"
"2","经济战"
"2","安全角"
"2","金融战"
"2","能源危机"
"2","复杂网络"
"2","邻近性"
"2","qap"
"2","大北极国家"
"2","出口总量"
"2","经合组织"
"2","立方英尺"
"2","网络战略"
"2","霸权护持"
"2","模式转型"
"2","威慑战略"
"2","“惩罚性威慑”"
"2","“拒止性威慑”"
"2","地区与国别政治"
"2","军事同盟"
"2","治理体系"
"2","底层逻辑"
"2","太阳能"
"2","煤炭供应"
"2","可再生能源资源"
"2","地区性"
"2","供应中断"
"2","供需关系"
"2","升级版"
"2","俄罗斯中央银行"
"2","人民币"
"2","中国人民银行"
"2","移动支付"
"2","支付安全"
"2","数据安全制度"
"2","数据安全治理"
"2","2021年版《俄罗斯国家安全战略》"
"2","中俄安全合作"
"2","中亚安全"
"2","政权安全"
"2","区域治理"
"2","地区秩序"
"2","北极开发"
"2","北极安全博弈"
"2","中俄北极合作"
"2","军火出口"
"2","武器贸易"
"2","军火市场"
"2","供应安全"
"2","绿色经济"
"2","阿拉伯国家"
"2","低碳技术创新"
"2","可持续安全"
"2","战略通道"
"2","中国能源安全"
"2","储蓄银行"
"2","如何应对"
"2","解决措施"
"2","s1m"
"2","共同周边"
"2","竞争周边"
"2","竞合周边"
"2","中印关系"
"2","周边外交"
"2","swifi系统"
"2","国家结算"
"2","重要性"
"2","应对方法"
"2","原油期货价格"
"2","国际石油价格"
"2","无铅汽油"
"2","加快推进"
"2","子公司"
"2","地缘政治进取"
"2","新奥斯曼主义"
"2","“2023战略愿景”"
"2","“2053战略愿景”"
"2","国家关系"
"2","推特"
"2","社交强度"
"2","外交互访"
"2","关系网络"
"2","数字化"
"2","互联网技术"
"2","“一带一盟”战略"
"2","合作方法与路径"
"2","即时通信软件"
"2","国产化替代"
"2","军工企业"
"2","办公软件"
"2","rt电视台"
"2","国家战略"
"2","俄罗斯远东"
"2","考古学"
"2","新进展"
"2","城址"
"2","中世纪"
"2","欧亚联盟"
"2","中俄日三角关系"
"2","东北亚区域格局"
"2","第三方市场合作"
"2","五四新文化"
"2","知识界"
"2","俄国革命"
"2","二月革命"
"2","十月革命"
"2","学习苏俄"
"2","北极理事会"
"2","模糊盟友"
"2","美土关系"
"2","联盟体系"
"2","中东安全"
"2","国际奥委会主席"
"2","人道主义"
"2","联合国宪章"
"2","领土完整"
"2","社会主义"
"2","基辅罗斯"
"2","产油国"
"2","石油禁运"
"2","数据跨境流动"
"2","中国应对"
"2","地区安全公共产品"
"2","中亚安全共同体"
"2","安全互动"
"2","美欧关系"
"2","中国—中东欧国家合作"
"2","国际仲裁"
"2","放弃豁免条款"
"2","管辖豁免"
"2","执行豁免"
"2","临时措施豁免"
"2","无人系统"
"2","作战能力"
"2","武装直升机"
"2","反坦克导弹"
"2","国际石油公司"
"2","油气市场"
"2","石油出口国"
"2","石油和天然气"
"2","油气业务"
"2","中国石油企业"
"2","来源国"
"2","油价波动"
"2","低油价"
"2","石油进口"
"2","天然气市场"
"2","页岩油气革命"
"2","天然气需求"
"2","国际数学联盟"
"2","imu"
"2","国际数学家大会"
"2","总司令部"
"2","作战指挥"
"2","指挥控制系统"
"2","体系现状"
"2","脱欧"
"2","瑞典"
"2","综合安全"
"2","案例研究"
"2","冷战结束"
"2","体系变迁"
"2","安全框架"
"2","天然气消费"
"2","热电联产"
"2","工业用气"
"2","管道气"
"2","一次能源消费"
"2","中俄东线"
"2","原油储备"
"2","lng"
"2","石油进口国"
"2","原油进口"
"2","天然气生产"
"2","冲击与影响"
"2","本体安全"
"2","奥斯曼帝国"
"2","怀旧"
"2","埃尔多安"
"2","中东变局"
"2","大图们江国际合作"
"2","东北亚局域合作"
"2","东北亚局域发展战略"
"2","中央工业区"
"2","国家防御指挥中心"
"2","战略指挥工程"
"2","信息化战争"
"2","俄罗斯对冲"
"2","俄罗斯外交再平衡"
"2","俄罗斯外交新工具"
"2","金融机构"
"2","支付系统"
"2","欧洲银行业"
"2","油气政策"
"2","资源国"
"2","消费国"
"2","能源治理"
"2","德左冲突"
"2","纳卡冲突"
"2","顿巴斯冲突"
"2","跨境反恐"
"2","法律政策"
"2","舆论"
"2","全球能源危机"
"2","能源价格"
"2","价格预测"
"2","欧亚战略空间"
"2","大欧亚伙伴关系"
"2","文化合作"
"2","地区治理"
"2","治理模式"
"2","规则治理"
"2","关系治理"
"2","国际格局"
"2","世界秩序"
"2","治理赤字"
"2","话语互动"
"2","国际能源政治"
"2","新型能源安全"
"2","《巴黎协定》"
"2","全球气候治理"
"2","军事情报"
"2","总参谋部情报总局"
"2","网络部队"
"2","网络行动"
"2","疫苗可及性"
"2","国家安全例外"
"2","基本安全利益"
"2","国际知识产权"
"2","白令海峡区域"
"2","冰上丝绸之路"
"2","能源地缘政治格局"
"2","中俄亚马尔lng项目"
"2","民族认同"
"2","国家认同"
"2","自决权"
"2","“脱乌入俄”"
"2","国防预算"
"2","国防采购"
"2","俄罗斯媒体"
"2","战略自主"
"2","联合领导"
"2","法德轴心"
"2","中国政治与外交"
"2","中国近代史"
"2","清俄关系"
"2","《尼布楚条约》"
"2","“不平等条约”"
"2","叙事"
"2","国际中文教育"
"2","中文纳入国民教育体系"
"2","俄罗斯国民教育体系"
"2","纳入现状与特征"
"2","载人航天"
"2","月球"
"2","深空"
"2","综合安全观"
"2","新版国家安全战略"
"2","空天政策"
"2","非对称性威慑"
"2","实战能力"
"2","创新"
"2","彼得罗夫斯基"
"2","中亚大博弈"
"2","结构性困境"
"2","中俄经贸合作"
"2","现状"
"2","原因分析"
"2","转基因"
"2","技术"
"2","产品"
"2","经济"
"2","社会"
"2","国家发展"
"2","“链式经济”"
"2","部长级会议"
"2","国际石油市场"
"2","战略威慑"
"2","人工智能技术"
"2","军事战略"
"2","亚美尼亚人"
"2","俄罗斯对外情报局"
"2","高加索地区"
"2","工伤赔偿"
"2","作业场所"
"2","防灾减灾"
"2","战略收缩"
"2","印象管理"
"2","克制"
"2","决心"
"2","俄罗斯三防部队"
"2","世界政治经济格局"
"2","区域建制"
"2","核能政策"
"2","国家能源主权"
"2","国际核能合作"
"2","全球卫生"
"2","政府间协议"
"2","多边合作"
"2","阿尔忒弥斯"
"2","欧洲航天局"
"2","数字化转型"
"2","俄罗斯对外战略"
"2","战后重建"
"2","俄叙关系"
"2","国际武器贸易"
"2","分析中心"
"2","限制的绝对豁免"
"2","限制豁免"
"2","对等原则"
"2","滥诉"
"2","领土问题"
"2","安全观"
"2","安全体系"
"2","东北亚国际关系"
"2","最“狂”气价"
"2","减产?增产?"
"2","抹掉“石油”标签"
"2","脱碳!净零!"
"2","押注绿氢发展"
"2","北溪-2"
"2","世纪堵船"
"2","释放原油储备"
"2","通用一拆三"
"2","黑客袭美"
"2","普罗科菲耶夫"
"2","国际音乐比赛"
"2","四川音乐学院"
"2","优秀人才"
"2","气候治理"
"2","《中导条约》"
"2","核秩序"
"2","构建人类命运共同体"
"2","联盟理论"
"2","弱链式联盟"
"2","非正式联盟"
"2","中东研究"
"2","人才培养"
"2","职业教育"
"2","课程设置"
"2","高超音速导弹"
"2","军备竞赛"
"2","不稳定因素"
"2","反舰导弹"
"2","不确定风险"
"2","高等教育国际化"
"2","教育法典"
"2","法典化"
"2","能源通道"
"2","跨境运输"
"2","亚太安全"
"2","地区安全稳定机制"
"2","扶助外交"
"2","新型国际关系"
"2","国际伦理"
"2","新中国外交"
"2","索契冬奥会"
"2","安保工作"
"2","高度重视"
"2","国立科研机构"
"2","军工科研院所"
"2","运行管理"
"2","开放共享"
"2","协同创新"
"2","太空安全"
"2","太空外交倡议"
"2","“欧洲选择”"
"2","大欧亚"
"2","战略依托"
"2","战略性矿产"
"2","资源安全"
"2","价格"
"2","实用主义"
"2","俄罗斯自由贸易协定"
"2","俄罗斯自由贸易伙伴"
"2","反卫星武器"
"2","反卫星系统"
"2","东向政策"
"2","产业"
"2","主发动机"
"2","应用能力"
"2","俄拉关系"
"2","普里马科夫主义"
"2","地区融合"
"2","氢能源"
"2","国家杜马"
"2","指挥体制"
"2","总参谋部"
"2","战争决策"
"2","联合作战指挥"
"2","司令部"
"2","空军部队"
"2","国际海事组织"
"2","国际海运"
"2","斯普特尼克"
"2","卫星通讯社"
"2","新冠疫苗"
"2","属性议程设置"
"2","水下攻防武器"
"2","能源动力系统"
"2","鱼雷"
"2","无人水下航行器"
"2","俄军"
"2","首都地区"
"2","军民协同"
"2","军民两用技术"
"2","时变量化"
"2","反制裁措施"
"2","世界秩序建构"
"2","气象局"
"2","战略合作框架协议"
"2","大国复兴"
"2","民生"
"2","“向东转”"
"2","瓦尔代俱乐部"
"2","国际话语权"
"2","莫迪政府"
"2","欧亚大陆"
"2","能源互补"
"2","多维多边合作"
"2","危机管理机制"
"2","国际收支"
"2","汇率制度"
"2","风险事件"
"2","《俄罗斯东欧中亚研究》"
"2","座谈会"
"2","无人机领域"
"2","制导炸弹"
"2","猎户座"
"2","察打无人机"
"2","光学瞄准镜"
"2","外骨骼"
"2","总统选举"
"2","明斯克"
"2","联合国安理会"
"2","否决权"
"2","维和人员"
"2","和平与安全"
"2","联合国维和行动"
"2","中俄贸易"
"2","中间产品"
"2","内涵能源"
"2","欧亚地区国家"
"2","服务舱"
"2","泄漏点"
"2","空气泄漏"
"2","事件分析"
"2","判理稳定性"
"2","icj"
"2","晚近案例"
"2","天然气安全"
"2","双循环"
"2","需求侧改革"
"2","多元化"
"2","跨境管道"
"2","应急能力"
"2","吉尔吉斯斯坦"
"2","政权稳定"
"2","国际竞争"
"2","建构"
"2","国外区域学"
"2","专业培养特色"
"2","教学培养方案"
"2","精英阶层"
"2","地缘安全"
"2","地缘战略"
"2","海洋研究"
"2","海洋科技"
"2","政策分析"
"2","可替代"
"2","今日俄罗斯"
"2","“磁性协调”"
"2","中东战略"
"2","跨大西洋关系"
"2","俄罗斯对欧政策"
"2","空天安全"
"2","空天装备"
"2","空天防御体系"
"2","装备建设"
"2","安全化"
"2","中国参与"
"2","治理"
"2","混合战"
"2","全球教育治理"
"2","国际教育援助"
"2","国际教育合作"
"2","军事博弈"
"2","地位承认"
"2","霸权竞争"
"2","和平变迁"
"2","国防科技工业"
"2","国防科工委"
"2","体制改革"
"2","两极"
"2","东西方体系"
"2","自由主义"
"2","特种装备"
"2","攻击直升机"
"2","断网"
"2","网络空间命运共同体"
"2","贸易隐含能源"
"2","网络形成机制"
"2","网络地位"
"2","产业发展"
"2","安全博弈"
"2","策略方式"
"2","海军陆战队"
"2","中国海军"
"2","选择性互动外交"
"2","欧洲地缘政治"
"2","乌克兰国家身份"
"2","乌克兰内政与外交"
"2","乌克兰地区一体化"
"2","独联体国家"
"2","《反恐怖主义法》"
"2","法律框架"
"2","共同特征"
"2","存在的挑战"
"2","中国出口信用保险公司"
"2","所得税"
"2","《国家风险分析报告》"
"2","税收减免"
"2","油气发现"
"2","矿产资源"
"2","中俄油气合作"
"2","天然气产量"
"2","增值税税率"
"2","尼日尔河"
"2","油气勘探开发"
"2","外国投资者"
"2","非洲地区"
"2","风险地图"
"2","东北航道"
"2","地缘位势"
"2","地缘关系"
"2","俄罗斯氢能源"
"2","加氢站"
"2","移民管理体制"
"2","签证管理"
"2","央地分工配合"
"2","总体统筹"
"2","国际比较"
"2","俄罗斯绿色新政"
"2","战略内倾"
"2","俄苏研究"
"2","学术史"
"2","方法论"
"2","图们江地区"
"2","“冰上丝绸之路”建设"
"2","希腊独立"
"2","近东政策"
"2","新能源汽车"
"2","俄罗斯市场"
"2","比亚迪"
"2","网络安全漏洞"
"2","组织架构"
"2","信息平台"
"2","漏洞数据库"
"2","漏洞管理"
"2","卡累利阿"
"2","国家公园"
"2","绿色节能"
"2","涉华报道"
"2","战略叙事"
"2","“今日俄罗斯”"
"2","联合军事演习"
"2","外交"
"2","朝鲜半岛"
"2","“北溪二线”"
"2","西伯利亚管道"
"2","欧亚战略"
"2","军事演习"
"2","军事对抗"
"2","军事竞争"
"2","领导权"
"2","地区主导国"
"2","协作型竞争者"
"2","欧亚地区竞争"
"2","崛起国"
"2","中俄农产品贸易"
"2","外国资本"
"2","铁路"
"2","工业化"
"2","地区安全"
"2","历史遗产"
"2","政策调整"
"2","俄非关系"
"2","爱国主义教育"
"2","卫国战争"
"2","历史教科书"
"2","青少年"
"2","新冠肺炎"
"2","疫情防控"
"2","国家治理"
"2","传统媒体"
"2","网络媒体"
"2","美元化"
"2","离岸经济"
"2","网络安全法"
"2","关键基础设施"
"2","借鉴研究"
"2","阿布扎比"
"2","军事强国"
"2","无人车"
"2","标准化工作"
"2","гост"
"2","信息安全管理体系"
"2","国家标准体系"
"2","网络空间安全"
"2","共词分析"
"2","公共安全"
"2","“一带一路”沿线国家"
"2","粮食市场与资源"
"2","可利用程度"
"2","增产潜力"
"2","出口潜力"
"2","道义现实主义"
"2","体育外交"
"2","地区安全治理"
"2","特征"
"2","内在限制"
"2","改进路径"
"2","太平洋战略"
"2","欧亚主义"
"2","混合战争"
"2","专家组"
"2","扩张适用"
"2","ds512"
"2","斯大林"
"2","弥赛亚意识"
"2","对俄传播"
"2","青年群体"
"2","对华认知"
"2","优先方向"
"2","乌兹别克斯坦"
"2","并列机枪"
"2","高射机枪"
"2","俄罗斯队"
"2","主战坦克"
"2","军事基地"
"2","阿富汗战争"
"2","物流保障"
"2","扎鲁比诺港"
"2","供应链"
"2","中欧班列"
"2","全球产业链"
"2","铁海联运"
"2","国际物流体系"
"2","叙利亚冲突"
"2","国际规范"
"2","合法政府"
"2","石油地缘政治"
"2","能源地缘政治"
"2","全球石油权力"
"2","能源权力"
"2","油权理论"
"2","中苏“国际倒爷”"
"2","中苏贸易"
"2","经济状况"
"2","防空导弹武器系统"
"2","导弹武器体系"
"2","防空武器系统"
"2","人工智能武器"
"2","政策应对"
"2","陆军装备"
"2","空间材料科学"
"2","二元经济结构"
"2","汇率"
"2","垄断"
"2","国有经济成分"
"2","北欧合作"
"2","北欧理事会"
"2","北欧防务合作"
"2","气候变暖"
"2","北方海航道"
"2","数据"
"2","国家数据"
"2","数据治理体系建设"
"2","丹麦"
"2","格陵兰"
"2","原油价格"
"2","中俄经济合作"
"2","《自律组织法》"
"2","营商环境"
"2","法治化"
"2","政党合作"
"2","党的对外工作"
"2","统一俄罗斯党"
"2","国家需求结构演变"
"2","需求强度"
"2","国家需求曲线"
"2","合作空间"
"2","中俄北极开发合作"
"2","导弹系统"
"2","巡航导弹"
"2","核潜艇"
"2","俄乌关系"
"2","佩列亚斯拉夫协议"
"2","网络安全体系"
"2","世界主要国家"
"2","满洲里学院"
"2","国际汉语"
"2","优势做法"
"2","展望"
"2","原油"
"2","页岩油"
"2","油价"
"2","上合组织"
"2","上合组织扩员"
"2","中俄太空合作"
"2","美国太空战略"
"2","太空格局"
"2","太空治理"
"2","化肥供应"
"2","钾肥资源"
"2","化肥价格"
"2","化肥减量增效"
"2","氯化钾"
"2","逆全球化"
"2","全球化布局"
"2","数据流动治理"
"2","数据对策"
"2","区域合作"
"2","“一带一路”工程"
"2","中白工业园"
"2","设计总承包"
"2","地区安全制度"
"2","东盟地区论坛"
"2","“卫星”通讯社"
"2","融媒品牌"
"2","军备控制"
"2","战略稳定性"
"2","新兴技术"
"2","中美俄关系"
"2","《国家安全战略》"
"2","数据资源"
"2","数据本地化存储"
"2","惠益分享"
"2","北极能源开发"
"2","印俄能源合作"
"2","抵近钳制"
"2","图书馆"
"2","未成年人服务"
"2","政策法规"
"2","国际矿山测量协会"
"2","主席团会议"
"2","“十三五”期间"
"2","吉林省蒙俄外派师资情况"
"2","蒙俄国际中文教学模式"
"2","国际中文教师"
"2","亚历山大二世"
"2","俄法关系"
"2","变化"
"2","波罗的海"
"2","俄罗斯天然气工业股份公司"
"2","兆瓦时"
"2","矿用设备"
"2","安全准入"
"2","准入制度"
"2","安全标志管理"
"2","矿山安全治理"
"2","对外贸易"
"2","外贸政策"
"2","民间外交"
"2","人文合作"
"2","科技外交"
"2","有袋类"
"2","国际频道"
"2","德尔塔"
"2","北威州"
"2","远东政策"
"2","远东发展"
"2","远东州长"
"2","大型企业"
"2","木工机械"
"2","参展商"
"2","进口替代战略"
"2","俄罗斯过境措施案"
"2","外交观"
"2","中东国际关系"
"2","土耳其"
"2","东地中海"
"2","“蓝色家园”"
"2","利比亚"
"2","海洋命运共同体"
"2","全球海洋治理"
"2","海洋合作"
"2","中东欧“16+1”机制"
"2","美俄博弈"
"2","俄罗斯高等教育"
"2","国际化"
"2","发展方向"
"2","实践"
"2","外交部"
"2","太平洋岛国"
"2","太平洋岛屿"
"2","亚太经合组织"
"2","大洋洲"
"2","瓦努阿图"
"2","基里巴斯"
"2","战略利益"
"2","驱逐舰"
"2","国防科研"
"2","国有军工企业"
"2","私营企业"
"2","战略趋同"
"2","特殊和特权战略伙伴关系"
"2","驱动因素"
"2","韧性增生"
"2","脆性断裂"
"2","“丝绸之路经济带”"
"2","块模型"
"2","qap回归"
"2","俄罗斯仲裁"
"2","仲裁机构"
"2","仲裁法院"
"2","仲裁改革"
"2","仲裁国际化"
"2","非联盟国家"
"2","“十四五”"
"2","共产国际"
"2","列宁"
"2","阿尔伯特"
"2","格鲁贝尔"
"2","奥巴马"
"2","水工建筑物"
"2","安全监督"
"2","事故数据"
"2","统计分析"
"2","国际政治"
"2","美印关系"
"2","中俄印巴"
"2","议程设置"
"2","科技转移"
"2","出口管制"
"2","军火贸易"
"2","单极世界"
"2","美苏冷战"
"2","中亚各国"
"2","俄罗斯族"
"2","俄罗斯宪法改革"
"2","俄罗斯政治体系"
"2","叶利钦时代"
"2","普京时代"
"2","中俄美欧关系"
"2","大国战略互动"
"2","国际多极化"
"2","俄罗斯国家安全"
"2","俄罗斯邻国"
"2","俄罗斯外交政策"
"2","欧亚地区秩序"
"2","格洛纳斯"
"2","glonas"
"2","系统信号"
"2","经贸合作"
"2","对策思考"
"2","煤矿安全"
"2","社会组织"
"2","反贫困实践"
"2","迈克尔·麦克福尔"
"2","民主转型"
"2","反恐法"
"2","恐怖主义"
"2","革命利益"
"2","嬗变"
"2","安全例外"
"2","多边贸易体制"
"2","乌克兰诉俄罗斯与转运有关的措施案"
"2","国家主权利益"
"2","法律保障"
"2","文化安全情报"
"2","总体国家安全观"
"2","反情报"
"2","情报教育"
"2","情报预警"
"2","超级大国"
"2","战争新形态"
"2","军事技术合作"
"2","俄罗斯远东地区"
"2","大国地缘政治竞争"
"2","美国核战略"
"2","战略转型"
"2","国际核秩序"
"2","国家网络安全"
"2","立法特点"
"2","俄美退出《中导条约》"
"2","俄美中导竞争"
"2","俄美反导竞争"
"2","中国应对方略"
"2","博物馆收藏"
"2","isu-122"
"2","国际法保护"
"2","“一带一路”建设"
"2","中俄能源"
"2","产能合作"
"2","长期计划"
"2","基础研究"
"2","探索性研究"
"2","俄联邦"
"2","军事文化产业"
"2","军事主题文化产业园区"
"2","创新路径"
"2","俄国财产"
"2","巴勒斯坦"
"2","阿以冲突"
"2","苏以关系"
"2","欧俄气候合作"
"2","“选择性接触”"
"2","欧俄能源关系"
"2","欧俄关系"
"2","对俄政策"
"2","遏制"
"2","威慑"
"2","攻击事件"
"2","网络攻击"
"2","网络安全事件"
"2","协调外交"
"2","巴尔干战争"
"2","英国外交"
"2","大国一致原则"
"2","一战起源"
"2","能源领域"
"2","比较研究"
"2","林产品"
"2","国际竞争力"
"2","态势评估"
"2","北极地区开发"
"2","美国智库"
"2","重启"
"2","欧亚地区"
"2","世界体系"
"2","导弹发射车"
"2","恩格斯"
"2","特卡乔夫主义"
"2","巴枯宁主义"
"2","区域经济合作"
"2","个人数据跨境流动"
"2","个人数据保护"
"2","隐私权"
"2","跨国贸易"
"2","数字强国"
"2","核安全法规体系"
"2","核与辐射安全"
"2","核安全技术"
"2","环境保护"
"2","地缘要素"
"2","驱动机制"
"2","模糊定性分析法(fs/qca)"
"2","“直接的军事援助”"
"2","西藏"
"2","“缓冲区”"
"2","英军联合计划委员会"
"2","东方经济论坛"
"2","生产多元化"
"2","经营多元化"
"2","中东外交战略"
"2","第五军区"
"2","国际体育赛事"
"2","影响力"
"2","体育态度"
"2","中俄经济关系"
"2","平衡发展"
"2","双边贸易"
"2","投资合作"
"2","能力分异"
"2","军事协作"
"2","第二次世界大战"
"2","联盟关系"
"2","伙伴关系"
"2","铸造材料"
"2","清代"
"2","领土边界"
"2","外交关系"
"2","民族化浪潮"
"2","博弈论"
"2","黑龙江省"
"2","能源产业合作"
"2","路径"
"2","童书"
"2","图书市场"
"2","儿童文学奖"
"2","东南亚"
"2","“大欧亚伙伴关系”"
"2","中俄双边投资协定"
"2","海外利益保护"
"2","国际战略稳定"
"2","国际军控体系"
"2","美俄军备竞争"
"2","《中俄睦邻友好合作条约》"
"2","中俄结盟"
"2","俄罗斯国家身份"
"2","俄罗斯国家治理"
"2","帝国研究"
"2","俄罗斯政治"
"2","新修正主义"
"2","“通俄门”"
"2","媒介塑造"
"2","凉战"
"2","国际政治经济学"
"2","多边框架"
"2","战略协作"
"2","海外中国研究"
"2","习近平新时代中国特色社会主义思想"
"2","数据保护"
"2","法律法规"
"2","战略资源"
"2","资源合作"
"2","俄罗斯太平洋地区"
"2","自然资源"
"2","内在逻辑"
"2","实现路径"
"2","武装冲突"
"2","特种作战"
"2","核电工业"
"2","北极军事力量"
"2","考量"
"2","特点"
"2","发展趋势"
"2","核政策"
"2","apra"
"2","联邦"
"2","国家结构"
"2","国际动态"
"2","网络安全建设"
"2","联合国儿童权利委员会"
"2","个人数据"
"2","俄罗斯联邦宪法"
"2","网络运营者"
"2","联邦法律"
"2","法律制度体系"
"2","宪法权利"
"2","第三方"
"2","数据流动"
"2","大数据"
"2","精准化"
"2","“北溪-2”天然气管道"
"2","能源因素"
"2","俄美欧博弈"
"2","互联网"
"2","网络防御"
"2","黑客"
"2","国家互联网"
"2","世界格局"
"2","国家构想"
"2","运作体系"
"2","供给端"
"2","需求端"
"2","均衡点"
"2","国际能源市场"
"2","研讨会"
"2","货币政策"
"2","外部冲击"
"2","影响因素"
"2","华盛顿公约"
"2","国际投资仲裁"
"2","《友好通商航海条约》"
"2","《北美自由贸易协定》"
"2","过境运输"
"2","通道权力"
"2","国家福利基金"
"2","外汇资产"
"2","俄罗斯财政部"
"2","国际储备资产"
"2","圣彼得堡"
"2","国际经济"
"2","总统新闻秘书"
"2","私营军事公司"
"2","法律体系"
"2","阿联酋外交"
"2","威胁平衡"
"2","对冲战略"
"2","“增加朋友”"
"2","“减少敌人”"
"2","个人信息"
"2","跨境流动"
"2","“大综合”标准"
"2","“黑名单”制度"
"2","利益再平衡"
"2","匕首"
"2","先锋"
"2","锆石"
"2","新西兰"
"2","煤炭开采"
"2","政策比较"
"2","能源版图"
"2","科技档案馆"
"2","古比雪夫"
"2","档案工作"
"2","索契"
"2","安保"
"2","经验"
"2","警务安保"
"2","外国经验"
"2","北方四岛"
"2","南千岛群岛"
"2","后疫情时代"
"2","能源结构调整"
"2","能源地缘政治博弈"
"2","绿色复苏"
