id,keyword,translated
438,俄罗斯,Russia
24,中俄关系,Sino-Russian Relations
22,能源合作,energy cooperation
22,中国,China
20,俄乌冲突,Russian-Ukrainian conflict
20,美国,U.S.
20,大国博弈,Great Power Game
20,碳中和,carbon neutral
20,北极,Arctic
18,大国竞争,great power competition
18,能源转型,energy transition
18,乌克兰危机,Ukraine crisis
16,乌克兰,Ukraine
16,地缘政治,geopolitics
16,中俄合作,Sino-Russian cooperation
14,能源安全,energy security
14,金融制裁,financial sanctions
14,网络安全,cyber security
14,液化天然气,liquified natural gas
14,人工智能,artificial intelligence
14,国家安全,National Security
14,天然气管道,Natural Gas Pipeline
14,美俄关系,US-Russian Relations
12,可再生能源,Renewable Energy
12,天然气供应,natural gas supply
12,国际合作,global cooperation
12,俄罗斯外交,Russian diplomacy
12,政策,policy
12,国际空间站,International Space Station
10,大国关系,Great Power Relations
10,外汇储备,foreign exchange reserves
10,北极地区,arctic region
10,美国军事与外交,US military and diplomacy
10,特朗普政府,Trump Administration
10,独联体,CIS
10,中俄,China and Russia
10,防空系统,air defense system
10,信息安全,information security
10,普京,Putin
10,国家形象,National Image
10,北极安全,Arctic Security
10,上海合作组织,Shanghai Cooperation Organization
8,经济制裁,economic sanctions
8,安全战略,security strategy
8,网络空间,Cyberspace
8,国际安全,international security
8,哈萨克斯坦,Kazakhstan
8,天然气,natural gas
8,欧亚经济联盟,Eurasian Economic Union
8,国防工业,defense industry
8,北极政策,Arctic policy
8,俄罗斯经济,Russian economy
8,启示,revelation
8,俄欧关系,Russian-European Relations
8,人类命运共同体,community with a shared future for mankind
8,高超声速武器,hypersonic weapon
8,外交政策,foreign policy
8,能源,energy
8,数据安全,Data Security
8,粮食安全,food security
8,“一带一路”,"""One Belt One Road"""
6,“欧佩克+”,"""OPEC+"""
6,冷战,cold war
6,原油产量,Crude production
6,乌拉尔,Urals
6,卢布汇率,ruble exchange rate
6,克里米亚,Crimea
6,全球化,globalization
6,中俄能源合作,Sino-Russian Energy Cooperation
6,能源战略,energy strategy
6,金砖国家,BRICS
6,白俄罗斯,Belarus
6,对策,countermeasures
6,煤炭出口,coal export
6,北极战略,Arctic strategy
6,国际油价,international oil price
6,油气管道,Oil and gas pipeline
6,化石能源,Fossil Energy
6,国际贸易,international trade
6,社交媒体,social media
6,国际传播,international communication
6,军事行动,Military action
6,无人机,drone
6,军事装备,military equipment
6,空天防御,Aerospace Defense
6,防空反导,air defense and missile defense
6,后苏联空间,post soviet space
6,澳大利亚,Australia
6,防空导弹系统,anti-aircraft missile system
6,反导系统,Anti-missile system
6,俄美关系,Russian-American Relations
6,新冠疫情,COVID-19
6,全球治理,global governance
6,中美关系,Sino-US relations
6,欧盟,EU
6,俄国,Russia
6,高超声速导弹,hypersonic missile
6,非对称,asymmetrical
6,阿塞拜疆,Azerbaijan
6,职业安全健康,Occupational Safety and Health
6,合作,Cooperation
6,风险,risk
6,气候变化,climate change
6,实验舱,experimental cabin
6,技术论坛,technology Forum
6,网络空间治理,cyberspace governance
6,跨境数据流动,cross-border data flow
6,中东欧,Central and Eastern Europe
6,海上安全,maritime safety
6,中亚国家,Central Asian countries
6,能源开发,energy development
4,能源市场,energy market
4,美国外交,US diplomacy
4,拜登政府,Biden administration
4,伊朗,Iran
4,国际舆论,international opinion
4,传播策略,broadcast strategy
4,外部因素,external factors
4,去俄罗斯化,DeRussification
4,网络安全战略,Cybersecurity Strategy
4,网络战,cyber warfare
4,委内瑞拉,Venezuela
4,国际金融体系,international financial system
4,武装力量,armed forces
4,核战略,nuclear strategy
4,国际新秩序,new international order
4,生物安全,Biosecurity
4,油气行业,Oil and gas industry
4,安全治理,Security Governance
4,安全共同体,security community
4,氢能,Hydrogen energy
4,低碳转型,low carbon transition
4,能源产业,energy industry
4,国家能源局,National Energy Board
4,低碳,low carbon
4,俄日关系,Russia-Japan Relations
4,塔吉克斯坦,Tajikistan
4,政治,politics
4,安全,Safety
4,俄白联盟,Russian-Belarus Union
4,“颜色革命”,"""Color Revolution"""
4,俄乌局势,Russia-Ukraine situation
4,影响,influences
4,经济安全,economic security
4,布伦特原油,Brent Crude
4,清洁能源,clean energy
4,能源贸易,energy trade
4,管输天然气,Pipeline natural gas
4,俄罗斯原油,Russian crude
4,北约,NATO
4,国家安全观,national security concept
4,非洲,Africa
4,新能源,new energy
4,俄罗斯卢布,Russian Ruble
4,天然气发电,natural gas power generation
4,天然气进口,natural gas import
4,油气出口,Oil and gas export
4,黄金储备,gold reserve
4,问题,question
4,欧佩克,OPEC
4,原子能,atomic energy
4,土耳其外交,Turkish diplomacy
4,欧洲安全,European Security
4,习近平,Xi Jinping
4,权力转移,power transfer
4,法律规制,Rules and regulation
4,国家豁免,State immunity
4,原油需求,Crude oil demand
4,煤炭进口,coal import
4,作战力量,combat force
4,英国,U.K.
4,数字外交,digital diplomacy
4,天然气资源,natural gas resources
4,出口量,Export amount
4,身份认同,identity
4,克里米亚事件,Crimea events
4,俄罗斯民众,Russian people
4,s-550,s-550
4,国际科技合作,International Science and Technology Cooperation
4,能源政策,Energy policy
4,中亚五国,Five Central Asian Countries
4,中欧关系,Sino-European Relations
4,百年大变局,A century of change
4,中国外交,Chinese diplomacy
4,批评话语分析,critical discourse analysis
4,紧急情况,Emergency situations
4,“冰上丝绸之路”,"""Silk Road on Ice"""
4,北极治理,Arctic governance
4,国际法,international law
4,叙利亚战争,Syrian War
4,战略,strategy
4,发展战略,development strategy
4,沙特阿拉伯,Saudi Arabia
4,世界能源市场,world energy market
4,导弹防御系统,missile defense system
4,生产安全事故,Production safety accident
4,应急准备,emergency preparedness
4,卫生安全,health and safety
4,北极问题,Arctic issues
4,去美元化,de-dollarization
4,高等教育,higher education
4,出口额,Export value
4,印太战略,Indo-Pacific strategy
4,过境国,transit country
4,《俄罗斯联邦国家安全战略》,"""National Security Strategy of the Russian Federation"""
4,安全保障,security
4,中导条约,INF Treaty
4,大欧洲,big europe
4,气候政策,climate policy
4,经济发展,economic development
4,应急管理,emergency management
4,多极世界,multipolar world
4,印俄关系,Indo-Russian Relations
4,新冠肺炎疫情,COVID-19 Outbreak
4,新式武器,new weapon
4,条约解释,Treaty Interpretation
4,wto,wto
4,借鉴,learn from
4,“阿拉伯之春”,"""Arab Spring"""
4,数据主权,data sovereignty
4,苏联解体,collapse of the soviet union
4,网络主权,Cyber ​​Sovereignty
4,社会网络分析,social network analysis
4,德俄关系,German-Russian Relations
4,中亚地区,Central Asia
4,海外投资风险,Overseas investment risk
4,石油,oil
4,国家安全战略,national security strategy
4,北极航道,Arctic waterway
4,国家利益,national interest
4,三海倡议,Three Seas Initiative
4,关键信息基础设施,critical information infrastructure
4,无人装备,unmanned equipment
4,武装冲突法,law of armed conflict
4,安全例外条款,Security Exception
4,马克思主义,Marxism
4,中国形象,Chinese image
4,军事应用,military application
4,数据治理,data governance
4,双层博弈,two-tier game
4,对外政策,foreign policy
4,北方舰队,Northern Fleet
4,扩员,expansion
4,对外传播,external communication
4,印度,India
4,安全合作,security cooperation
4,习近平外交思想,Xi Jinping Thought on Diplomacy
4,特朗普,Trump
4,美国大选,US election
4,国际关系,international relations
4,东北亚,North-east Asia
4,基础设施,infrastructure
4,对外援助,foreign aid
4,冬奥会,Winter Olympics
2,国际能源秩序,international energy order
2,中东能源政策话语权,The right to speak on energy policy in the Middle East
2,“平衡外交”,"""Balanced Diplomacy"""
2,伊核协议,Iran nuclear deal
2,“印太战略”,"""Indo-Pacific Strategy"""
2,“印太经济框架”,"""Indo-Pacific Economic Framework"""
2,全球安全倡议,Global Security Initiative
2,安全观念,safety concept
2,多民族,Multi-ethnic
2,东方文化,Eastern culture
2,西方文化,Western culture
2,东正教,Orthodox Church
2,自然地理,physical geography
2,俄罗斯体育,Russian sports
2,国际主流媒体,International mainstream media
2,舆论主角,public opinion protagonist
2,理论视角,theoretical perspective
2,石油贸易格局,Oil trade pattern
2,制裁成本,Sanction cost
2,制裁路径,Sanctions Path
2,金融安全,financial security
2,军事冲突,military conflict
2,国家发展战略,national development strategy
2,人民币国际化,RMB internationalization
2,欧盟统计局,Eurostat
2,汽车零配件,automobile parts
2,国际秩序,international order
2,欧美关系,European and American relations
2,制裁,sanction
2,全球经济,Global economy
2,对华竞争,Competition with China
2,网络威慑,cyber deterrence
2,南太地区,South Pacific
2,战略平衡手,strategic balancer
2,粮食安全保障,food security
2,粮食进口,food import
2,研讨会综述,Workshop Summary
2,数字基础设施,digital infrastructure
2,自主可控,Autonomous and controllable
2,5-100计划,5-100 plan
2,优先-2030计划,Priority-2030 Plan
2,世界一流大学,world class university
2,军事安全,military security
2,形势,situation
2,人民币计价,RMB denominated
2,传统能源,Traditional energy
2,国际原油市场,International crude oil market
2,液体燃料,liquid fuel
2,iea,iea
2,一季度,the first quarter
2,美国外交政策,US foreign policy
2,自由国际秩序,liberal international order
2,西方国家,Western countries
2,国际清算银行,Bank for International Settlements
2,世界能源格局,world energy pattern
2,危机冲击,crisis shock
2,联合国,United Nations
2,生物安全法,Biosafety Act
2,生物威胁,biological threat
2,俄罗斯联邦,The Russian Federation
2,生物实验室,Biology laboratory
2,生物安全管理,Biosecurity Management
2,管理权限,Administrative rights
2,双面性,duality
2,生物技术,Biotechnology
2,新军事变革,new military revolution
2,特种作战部队,special operations forces
2,战争理论,war theory
2,格拉西莫夫,Gerasimov
2,发展与实践,development and practice
2,核武器,nuclear weapons
2,核力量,nuclear power
2,核威慑,nuclear deterrence
2,发展演变,Development and evolution
2,电子战系统,electronic warfare system
2,地缘政治矛盾,geopolitical conflict
2,价值观联盟,Values ​​Alliance
2,多极化趋势,Multipolar trend
2,生物安全设施,biosafety facility
2,预警遏制,early warning containment
2,生物恐怖,bioterrorism
2,出口商,exporter
2,俄罗斯能源,Russian energy
2,俄罗斯石油,Rosneft
2,俄罗斯国家认同,Russian national identity
2,互文性话语分析,Intertextual Discourse Analysis
2,俄罗斯数据主权,Russian data sovereignty
2,俄罗斯数据本地化,Russian data localization
2,俄罗斯个人信息保护,Russia Personal Information Protection
2,俄罗斯—中亚地区,Russia - Central Asia
2,宏观环境,Macro environment
2,滞胀,Stagflation
2,脱钩,decoupling
2,北极航运,Arctic Shipping
2,多层治理,Multi-layered governance
2,治理困境,governance dilemma
2,路径选择,Path Selection
2,北极安全合作,Arctic Security Cooperation
2,多元参与,Diverse participation
2,北极命运共同体,Arctic community with a shared future
2,油气资源,Oil and gas resources
2,暴乱,riot
2,能源问题,Energy issues
2,能源经济,energy economy
2,低碳经济,Low-carbon economy
2,经济社会改革,Economic and Social Reform
2,战略石油储备,Strategic Petroleum Reserve
2,非化石能源,non-fossil energy
2,化工行业,Chemical Industry
2,石油经济,oil economy
2,国际经济体系,international economic system
2,万事达卡,MasterCard
2,经济体,Economy
2,俄罗斯亚太外交,Russia's Asia-Pacific Diplomacy
2,俄韩关系,Russia-South Korea relations
2,俄蒙关系,Russia-Mongolia Relations
2,俄越关系,Russia-Vietnam relations
2,俄印关系,Russia-India relations
2,俄罗斯与东盟关系,Russia-ASEAN Relations
2,国家意愿,national will
2,多边平衡外交,Multilateral Balanced Diplomacy
2,新篇章,new chapter
2,黑河学院,Heihe College
2,国际交流合作,International exchange and cooperation
2,情报合作,intelligence cooperation
2,情报体系,intelligence system
2,情报外交,intelligence diplomacy
2,情报工作,intelligence work
2,建议,Suggest
2,战略三角,strategic triangle
2,中美俄,"China, America and Russia"
2,经济战,economic war
2,安全角,safety corner
2,金融战,financial war
2,能源危机,energy crisis
2,复杂网络,complex network
2,邻近性,proximity
2,qap,qap
2,大北极国家,great arctic country
2,出口总量,total export
2,经合组织,OECD
2,立方英尺,cubic feet
2,网络战略,network strategy
2,霸权护持,hegemonic support
2,模式转型,Mode transformation
2,威慑战略,deterrence strategy
2,“惩罚性威慑”,"""Punitive Deterrence"""
2,“拒止性威慑”,"""Deterrence of Denial"""
2,地区与国别政治,Regional and Country Politics
2,军事同盟,military alliance
2,治理体系,governance system
2,底层逻辑,underlying logic
2,太阳能,solar energy
2,煤炭供应,coal supply
2,可再生能源资源,Renewable Energy Resources
2,地区性,regional
2,供应中断,supply disruption
2,供需关系,Supply and demand
2,升级版,Upgraded version
2,俄罗斯中央银行,Central Bank of Russia
2,人民币,RMB
2,中国人民银行,People's Bank of China
2,移动支付,mobile payment
2,支付安全,payment security
2,数据安全制度,data security system
2,数据安全治理,Data Security Governance
2,2021年版《俄罗斯国家安全战略》,2021 edition of the Russian National Security Strategy
2,中俄安全合作,Sino-Russian Security Cooperation
2,中亚安全,Central Asia Security
2,政权安全,regime security
2,区域治理,Regional governance
2,地区秩序,Regional order
2,北极开发,Arctic development
2,北极安全博弈,Arctic Security Game
2,中俄北极合作,Sino-Russian Arctic Cooperation
2,军火出口,arms export
2,武器贸易,arms trade
2,军火市场,arms market
2,供应安全,security of supply
2,绿色经济,green economy
2,阿拉伯国家,Arabian countries
2,低碳技术创新,Low carbon technology innovation
2,可持续安全,sustainable security
2,战略通道,strategic channel
2,中国能源安全,China's energy security
2,储蓄银行,savings bank
2,如何应对,how to respond
2,解决措施,solution
2,s1m,s1m
2,共同周边,common periphery
2,竞争周边,Competing around
2,竞合周边,Competitive surrounding
2,中印关系,Sino-Indian Relations
2,周边外交,Peripheral diplomacy
2,swifi系统,swifi system
2,国家结算,national settlement
2,重要性,importance
2,应对方法,solution
2,原油期货价格,Crude Oil Futures Prices
2,国际石油价格,international oil prices
2,无铅汽油,Unleaded gasoline
2,加快推进,Accelerate
2,子公司,Subsidiary
2,地缘政治进取,Geopolitical Aggressiveness
2,新奥斯曼主义,Neo-Ottomanism
2,“2023战略愿景”,"""Strategic Vision 2023"""
2,“2053战略愿景”,"""2053 Strategic Vision"""
2,国家关系,State relations
2,推特,Twitter
2,社交强度,social intensity
2,外交互访,foreign exchange visit
2,关系网络,relationship network
2,数字化,Digitizing
2,互联网技术,Internet technology
2,“一带一盟”战略,"""One Belt, One Alliance"" Strategy"
2,合作方法与路径,Cooperation methods and paths
2,即时通信软件,instant messaging software
2,国产化替代,localization alternative
2,军工企业,Military business
2,办公软件,Office Software
2,rt电视台,rt tv
2,国家战略,National strategy
2,俄罗斯远东,Russian Far East
2,考古学,archeology
2,新进展,new progress
2,城址,city ​​site
2,中世纪,middle Ages
2,欧亚联盟,Eurasian Union
2,中俄日三角关系,China-Russia-Japan triangular relationship
2,东北亚区域格局,Northeast Asia Regional Pattern
2,第三方市场合作,Third-party market cooperation
2,五四新文化,May Fourth New Culture
2,知识界,intellectuals
2,俄国革命,Russian Revolution
2,二月革命,February Revolution
2,十月革命,October Revolution
2,学习苏俄,learn soviet russian
2,北极理事会,Arctic Council
2,模糊盟友,fuzzy ally
2,美土关系,U.S.-Turkish relations
2,联盟体系,Alliance system
2,中东安全,Middle East Security
2,国际奥委会主席,President of the International Olympic Committee
2,人道主义,humanitarian
2,联合国宪章,United Nations Charter
2,领土完整,territorial integrity
2,社会主义,socialism
2,基辅罗斯,Kievan Rus
2,产油国,oil producing countries
2,石油禁运,oil embargo
2,数据跨境流动,Data flow across borders
2,中国应对,China's response
2,地区安全公共产品,Regional Security Public Goods
2,中亚安全共同体,Central Asian Security Community
2,安全互动,Safe interaction
2,美欧关系,US-EU relations
2,中国—中东欧国家合作,China-CEEC Cooperation
2,国际仲裁,International Arbitration
2,放弃豁免条款,Waiver of Waiver
2,管辖豁免,immunity from jurisdiction
2,执行豁免,executive waiver
2,临时措施豁免,Temporary measures exemption
2,无人系统,unmanned system
2,作战能力,combat capability
2,武装直升机,military helicopter
2,反坦克导弹,anti-tank missile
2,国际石油公司,international oil companies
2,油气市场,Oil and Gas Market
2,石油出口国,oil exporter
2,石油和天然气,Petroleum and natural gas
2,油气业务,Oil and gas business
2,中国石油企业,Chinese oil companies
2,来源国,country of origin
2,油价波动,Oil price volatility
2,低油价,low oil prices
2,石油进口,oil imports
2,天然气市场,natural gas market
2,页岩油气革命,Shale oil and gas revolution
2,天然气需求,natural gas demand
2,国际数学联盟,International Mathematical Union
2,imu,imu
2,国际数学家大会,International Congress of Mathematicians
2,总司令部,Headquarters
2,作战指挥,combat command
2,指挥控制系统,command and control system
2,体系现状,System status
2,脱欧,Brexit
2,瑞典,Sweden
2,综合安全,Comprehensive security
2,案例研究,case study
2,冷战结束,end of the cold war
2,体系变迁,System change
2,安全框架,security framework
2,天然气消费,natural gas consumption
2,热电联产,Cogeneration
2,工业用气,industrial gas
2,管道气,pipeline gas
2,一次能源消费,primary energy consumption
2,中俄东线,Sino-Russian East Line
2,原油储备,Crude oil reserves
2,lng,lng
2,石油进口国,oil importing country
2,原油进口,Crude oil imports
2,天然气生产,natural gas production
2,冲击与影响,impact and impact
2,本体安全,Ontology safety
2,奥斯曼帝国,Ottoman Empire
2,怀旧,nostalgic
2,埃尔多安,Erdogan
2,中东变局,Changes in the Middle East
2,大图们江国际合作,Greater Tumen River International Cooperation
2,东北亚局域合作,Northeast Asia Regional Cooperation
2,东北亚局域发展战略,Northeast Asia Regional Development Strategy
2,中央工业区,Central Industrial Zone
2,国家防御指挥中心,National Defense Command Center
2,战略指挥工程,strategic command project
2,信息化战争,information warfare
2,俄罗斯对冲,russian hedging
2,俄罗斯外交再平衡,Russian Diplomacy Rebalancing
2,俄罗斯外交新工具,A new tool for Russian diplomacy
2,金融机构,Financial institution
2,支付系统,payment system
2,欧洲银行业,European Banking
2,油气政策,Oil and Gas Policy
2,资源国,resource country
2,消费国,consumer country
2,能源治理,energy governance
2,德左冲突,German-Left Conflict
2,纳卡冲突,Naka conflict
2,顿巴斯冲突,Donbas conflict
2,跨境反恐,cross-border counter-terrorism
2,法律政策,Legal Policy
2,舆论,public opinion
2,全球能源危机,global energy crisis
2,能源价格,energy price
2,价格预测,price forecast
2,欧亚战略空间,Eurasian Strategic Space
2,大欧亚伙伴关系,Greater Eurasian Partnership
2,文化合作,cultural cooperation
2,地区治理,Regional governance
2,治理模式,governance model
2,规则治理,rule governance
2,关系治理,relationship governance
2,国际格局,International Structure
2,世界秩序,world order
2,治理赤字,governance deficit
2,话语互动,discursive interaction
2,国际能源政治,international energy politics
2,新型能源安全,new energy security
2,《巴黎协定》,Paris Agreement
2,全球气候治理,global climate governance
2,军事情报,military intelligence
2,总参谋部情报总局,General Staff Intelligence Directorate
2,网络部队,cyber force
2,网络行动,cyber action
2,疫苗可及性,Vaccine Accessibility
2,国家安全例外,National Security Exception
2,基本安全利益,essential security interests
2,国际知识产权,International Intellectual Property
2,白令海峡区域,Bering Strait area
2,冰上丝绸之路,Silk Road on Ice
2,能源地缘政治格局,Energy Geopolitical Landscape
2,中俄亚马尔lng项目,Sino-Russian Yamal LNG Project
2,民族认同,national identity
2,国家认同,national identity
2,自决权,right to self-determination
2,“脱乌入俄”,"""Leaving Ukraine into Russia"""
2,国防预算,defense budget
2,国防采购,defense procurement
2,俄罗斯媒体,Russian media
2,战略自主,strategic autonomy
2,联合领导,joint leadership
2,法德轴心,Franco-German axis
2,中国政治与外交,Chinese politics and diplomacy
2,中国近代史,Modern Chinese History
2,清俄关系,Sino-Russian relations
2,《尼布楚条约》,Treaty of Nerchinsk
2,“不平等条约”,"""unequal treaties"""
2,叙事,narrative
2,国际中文教育,International Chinese Education
2,中文纳入国民教育体系,Chinese is incorporated into the national education system
2,俄罗斯国民教育体系,Russian national education system
2,纳入现状与特征,Inclusion status and characteristics
2,载人航天,manned space flight
2,月球,Moon
2,深空,Deep space
2,综合安全观,Comprehensive Security Concept
2,新版国家安全战略,New National Security Strategy
2,空天政策,Air and Space Policy
2,非对称性威慑,asymmetric deterrence
2,实战能力,combat capability
2,创新,innovation
2,彼得罗夫斯基,Petrovsky
2,中亚大博弈,The Great Game of Central Asia
2,结构性困境,structural dilemma
2,中俄经贸合作,Sino-Russian Economic and Trade Cooperation
2,现状,status quo
2,原因分析,Cause Analysis
2,转基因,GMO
2,技术,technology
2,产品,product
2,经济,economy
2,社会,society
2,国家发展,national development
2,“链式经济”,"""Chain Economy"""
2,部长级会议,ministerial meeting
2,国际石油市场,international oil market
2,战略威慑,strategic deterrence
2,人工智能技术,artificial intelligence technology
2,军事战略,military strategy
2,亚美尼亚人,Armenian
2,俄罗斯对外情报局,Russian Foreign Intelligence Service
2,高加索地区,Caucasus
2,工伤赔偿,Workers' Compensation
2,作业场所,workplace
2,防灾减灾,Disaster Prevention and Mitigation
2,战略收缩,strategic contraction
2,印象管理,Impression management
2,克制,restraint
2,决心,determination
2,俄罗斯三防部队,Russian three defense forces
2,世界政治经济格局,world political economy
2,区域建制,Regional establishment
2,核能政策,nuclear energy policy
2,国家能源主权,national energy sovereignty
2,国际核能合作,International Nuclear Energy Cooperation
2,全球卫生,global health
2,政府间协议,intergovernmental agreement
2,多边合作,Multilateral cooperation
2,阿尔忒弥斯,Artemis
2,欧洲航天局,European Space Agency
2,数字化转型,digital transformation
2,俄罗斯对外战略,Russia's foreign strategy
2,战后重建,post-war reconstruction
2,俄叙关系,Russia-Syria relations
2,国际武器贸易,international arms trade
2,分析中心,Analysis Center
2,限制的绝对豁免,Absolute Exemption from Restrictions
2,限制豁免,Restricted Exemption
2,对等原则,Equivalence principle
2,滥诉,abuse
2,领土问题,territorial issues
2,安全观,safety concept
2,安全体系,security system
2,东北亚国际关系,Northeast Asia International Relations
2,最“狂”气价,"The most ""crazy"" gas price"
2,减产?增产?,Decrease? Increase?
2,抹掉“石油”标签,"Erase the ""petroleum"" label"
2,脱碳!净零!,Decarbonize! Net Zero!
2,押注绿氢发展,Betting on the development of green hydrogen
2,北溪-2,North Stream-2
2,世纪堵船,century ship jam
2,释放原油储备,Free up crude oil reserves
2,通用一拆三,Universal one to three
2,黑客袭美,Hackers attack America
2,普罗科菲耶夫,Prokofiev
2,国际音乐比赛,International Music Competition
2,四川音乐学院,Sichuan Music College
2,优秀人才,Excellent talent
2,气候治理,climate governance
2,《中导条约》,The Intermediate-Range Nuclear Forces Treaty
2,核秩序,nuclear order
2,构建人类命运共同体,Building a community with a shared future for mankind
2,联盟理论,alliance theory
2,弱链式联盟,Weak chain alliance
2,非正式联盟,informal union
2,中东研究,Middle East Studies
2,人才培养,talent development
2,职业教育,vocational education
2,课程设置,Curriculum
2,高超音速导弹,hypersonic missile
2,军备竞赛,arms race
2,不稳定因素,unstable factor
2,反舰导弹,anti-ship missile
2,不确定风险,Uncertainty Risk
2,高等教育国际化,Internationalization of Higher Education
2,教育法典,Education Code
2,法典化,codification
2,能源通道,energy channel
2,跨境运输,Cross-border transportation
2,亚太安全,Asia Pacific Security
2,地区安全稳定机制,Regional Security and Stability Mechanism
2,扶助外交,Aid diplomacy
2,新型国际关系,new international relations
2,国际伦理,international ethics
2,新中国外交,New China Diplomacy
2,索契冬奥会,Sochi Winter Olympics
2,安保工作,Security work
2,高度重视,highly valued
2,国立科研机构,national research institute
2,军工科研院所,Military Research Institute
2,运行管理,Operation management
2,开放共享,open sharing
2,协同创新,Collaborative Innovation
2,太空安全,space security
2,太空外交倡议,Space Diplomacy Initiative
2,“欧洲选择”,"""European Choice"""
2,大欧亚,Greater Eurasia
2,战略依托,strategic support
2,战略性矿产,strategic minerals
2,资源安全,Resource security
2,价格,price
2,实用主义,pragmatism
2,俄罗斯自由贸易协定,Russian Free Trade Agreement
2,俄罗斯自由贸易伙伴,russian free trade partner
2,反卫星武器,anti-satellite weapons
2,反卫星系统,anti-satellite system
2,东向政策,eastward policy
2,产业,industry
2,主发动机,main engine
2,应用能力,Application Ability
2,俄拉关系,Russian-Latin Relations
2,普里马科夫主义,Primakovism
2,地区融合,Regional integration
2,氢能源,Hydrogen energy
2,国家杜马,State Duma
2,指挥体制,command system
2,总参谋部,General Staff
2,战争决策,war decision
2,联合作战指挥,joint operations command
2,司令部,headquarters
2,空军部队,air force
2,国际海事组织,IMO
2,国际海运,International Chamber of Shipping
2,斯普特尼克,Sputnik
2,卫星通讯社,satellite news agency
2,新冠疫苗,new crown vaccine
2,属性议程设置,property agenda setting
2,水下攻防武器,underwater offensive and defensive weapons
2,能源动力系统,energy power system
2,鱼雷,torpedo
2,无人水下航行器,unmanned underwater vehicle
2,俄军,Russian Army
2,首都地区,Capital Region
2,军民协同,Military-civilian coordination
2,军民两用技术,dual-use technology
2,时变量化,time variable
2,反制裁措施,countermeasures
2,世界秩序建构,world order construction
2,气象局,Bureau of Meteorology
2,战略合作框架协议,Strategic cooperation framework agreement
2,大国复兴,Great Power Revival
2,民生,people's livelihood
2,“向东转”,"""Turn East"""
2,瓦尔代俱乐部,Valdai Club
2,国际话语权,international voice
2,莫迪政府,Modi government
2,欧亚大陆,Eurasia
2,能源互补,Complementary energy
2,多维多边合作,Multidimensional and multilateral cooperation
2,危机管理机制,crisis management mechanism
2,国际收支,balance of payments
2,汇率制度,Exchange Rate System
2,风险事件,risk event
2,《俄罗斯东欧中亚研究》,"""Russian East Europe and Central Asia Studies"""
2,座谈会,forum
2,无人机领域,UAV field
2,制导炸弹,guided bomb
2,猎户座,Orion
2,察打无人机,Chasing drones
2,光学瞄准镜,optical sight
2,外骨骼,Exoskeleton
2,总统选举,President election
2,明斯克,minsk
2,联合国安理会,United Nations Security Council
2,否决权,veto power
2,维和人员,peacekeepers
2,和平与安全,peace and security
2,联合国维和行动,United Nations peacekeeping
2,中俄贸易,Sino-Russian trade
2,中间产品,Intermediate product
2,内涵能源,Intrinsic energy
2,欧亚地区国家,Eurasian countries
2,服务舱,service cabin
2,泄漏点,leak point
2,空气泄漏,air leak
2,事件分析,event analysis
2,判理稳定性,Judicial stability
2,icj,icj
2,晚近案例,Recent cases
2,天然气安全,gas safety
2,双循环,double loop
2,需求侧改革,demand side reform
2,多元化,Diversification
2,跨境管道,Cross-border pipeline
2,应急能力,emergency capability
2,吉尔吉斯斯坦,Kyrgyzstan
2,政权稳定,regime stability
2,国际竞争,international competition
2,建构,construct
2,国外区域学,study abroad
2,专业培养特色,Professional training features
2,教学培养方案,Teaching training program
2,精英阶层,Elite level
2,地缘安全,Geosecurity
2,地缘战略,geostrategic
2,海洋研究,marine research
2,海洋科技,Ocean Technology
2,政策分析,policy Analysis
2,可替代,Alternative
2,今日俄罗斯,Russia Today
2,“磁性协调”,"""Magnetic Coordination"""
2,中东战略,Middle East Strategy
2,跨大西洋关系,Transatlantic Relations
2,俄罗斯对欧政策,Russia's European Policy
2,空天安全,Air and Space Safety
2,空天装备,Aerospace equipment
2,空天防御体系,Aerospace Defense System
2,装备建设,equipment construction
2,安全化,security
2,中国参与,Chinese participation
2,治理,Governance
2,混合战,mixed warfare
2,全球教育治理,Global Education Governance
2,国际教育援助,International Education Assistance
2,国际教育合作,International Education Cooperation
2,军事博弈,military game
2,地位承认,Status recognition
2,霸权竞争,hegemonic competition
2,和平变迁,peaceful change
2,国防科技工业,National Defense Technology Industry
2,国防科工委,"National Defense Science, Technology and Industry Committee"
2,体制改革,Institutional reform
2,两极,poles
2,东西方体系,East-West system
2,自由主义,Liberalism
2,特种装备,Special equipment
2,攻击直升机,attack helicopter
2,断网,disconnected
2,网络空间命运共同体,community of shared future in cyberspace
2,贸易隐含能源,trade implied energy
2,网络形成机制,network formation mechanism
2,网络地位,network status
2,产业发展,Industrial Development
2,安全博弈,security game
2,策略方式,strategic approach
2,海军陆战队,Marines
2,中国海军,Chinese navy
2,选择性互动外交,selective interactive diplomacy
2,欧洲地缘政治,European geopolitics
2,乌克兰国家身份,Ukrainian national identity
2,乌克兰内政与外交,Ukraine's domestic and foreign affairs
2,乌克兰地区一体化,Ukrainian Regional Integration
2,独联体国家,CIS countries
2,《反恐怖主义法》,Anti-Terrorism Act
2,法律框架,legal framework
2,共同特征,Common feature
2,存在的挑战,Existing challenges
2,中国出口信用保险公司,China Export & Credit Insurance Corporation
2,所得税,income tax
2,《国家风险分析报告》,Country Risk Analysis Report
2,税收减免,tax deduction
2,油气发现,Oil and Gas Discovery
2,矿产资源,mineral resources
2,中俄油气合作,Sino-Russian Oil and Gas Cooperation
2,天然气产量,natural gas production
2,增值税税率,VAT rate
2,尼日尔河,Niger River
2,油气勘探开发,Oil and gas exploration and development
2,外国投资者,foreign investor
2,非洲地区,African Region
2,风险地图,Risk Map
2,东北航道,Northeast Passage
2,地缘位势,geopotential
2,地缘关系,Geographical relationship
2,俄罗斯氢能源,Russian hydrogen energy
2,加氢站,hydrogen refueling station
2,移民管理体制,Immigration management system
2,签证管理,Visa management
2,央地分工配合,Central and local division of labor
2,总体统筹,Overall planning
2,国际比较,International Comparison
2,俄罗斯绿色新政,Russia Green New Deal
2,战略内倾,strategic introversion
2,俄苏研究,Russian-Soviet Studies
2,学术史,Academic history
2,方法论,Methodology
2,图们江地区,Tumen River Region
2,“冰上丝绸之路”建设,"Construction of the ""Silk Road on Ice"""
2,希腊独立,Greek independence
2,近东政策,Near East Policy
2,新能源汽车,new energy vehicles
2,俄罗斯市场,Russian market
2,比亚迪,BYD
2,网络安全漏洞,network security breach
2,组织架构,Organization
2,信息平台,information platform
2,漏洞数据库,Vulnerability Database
2,漏洞管理,Vulnerability Management
2,卡累利阿,Karelia
2,国家公园,National Park
2,绿色节能,green technology
2,涉华报道,China-related reports
2,战略叙事,strategic narrative
2,“今日俄罗斯”,"""Russia Today"""
2,联合军事演习,joint military exercise
2,外交,diplomatic
2,朝鲜半岛,Korean Peninsula
2,“北溪二线”,"""North Stream Second Line"""
2,西伯利亚管道,Siberian pipeline
2,欧亚战略,Eurasian strategy
2,军事演习,Military exercises
2,军事对抗,military confrontation
2,军事竞争,military competition
2,领导权,leadership
2,地区主导国,regional leader
2,协作型竞争者,collaborative competitor
2,欧亚地区竞争,Eurasian competition
2,崛起国,rising power
2,中俄农产品贸易,Sino-Russian Agricultural Products Trade
2,外国资本,foreign capital
2,铁路,railway
2,工业化,industrialization
2,地区安全,Regional security
2,历史遗产,historical heritage
2,政策调整,Policy adjustment
2,俄非关系,Russian-African relations
2,爱国主义教育,patriotic education
2,卫国战争,Patriotic War
2,历史教科书,history textbook
2,青少年,teenager
2,新冠肺炎,Coronavirus disease
2,疫情防控,Epidemic prevention and control
2,国家治理,state governance
2,传统媒体,traditional media
2,网络媒体,Internet media
2,美元化,dollarized
2,离岸经济,offshore economy
2,网络安全法,Cybersecurity Law
2,关键基础设施,critical infrastructure
2,借鉴研究,Drawing on research
2,阿布扎比,Abu Dhabi
2,军事强国,military power
2,无人车,unmanned vehicle
2,标准化工作,Standardized work
2,гост,гост
2,信息安全管理体系,Information Security Management System
2,国家标准体系,national standard system
2,网络空间安全,cyberspace security
2,共词分析,co-word analysis
2,公共安全,public safety
2,“一带一路”沿线国家,"Countries along the ""Belt and Road"""
2,粮食市场与资源,Food Markets and Resources
2,可利用程度,Availability
2,增产潜力,Yield Potential
2,出口潜力,export potential
2,道义现实主义,moral realism
2,体育外交,sports diplomacy
2,地区安全治理,Regional Security Governance
2,特征,feature
2,内在限制,inherent limitations
2,改进路径,improvement path
2,太平洋战略,Pacific Strategy
2,欧亚主义,Eurasianism
2,混合战争,hybrid warfare
2,专家组,expert group
2,扩张适用,Expansion applies
2,ds512,ds512
2,斯大林,Stalin
2,弥赛亚意识,Messianic consciousness
2,对俄传播,Spread to Russia
2,青年群体,youth group
2,对华认知,Cognition of China
2,优先方向,priority direction
2,乌兹别克斯坦,Uzbekistan
2,并列机枪,side by side machine gun
2,高射机枪,anti-aircraft machine gun
2,俄罗斯队,russian team
2,主战坦克,main battle tank
2,军事基地,military base
2,阿富汗战争,War in Afghanistan
2,物流保障,Logistics guarantee
2,扎鲁比诺港,puerto zarubino
2,供应链,supply chain
2,中欧班列,China Railway Express
2,全球产业链,Global industrial chain
2,铁海联运,Rail-sea combined transport
2,国际物流体系,International logistics system
2,叙利亚冲突,Syrian conflict
2,国际规范,international norms
2,合法政府,legitimate government
2,石油地缘政治,Oil Geopolitics
2,能源地缘政治,energy geopolitics
2,全球石油权力,global oil power
2,能源权力,energy power
2,油权理论,oil rights theory
2,中苏“国际倒爷”,"Sino-Soviet ""international downfall"""
2,中苏贸易,Sino-Soviet trade
2,经济状况,economic status
2,防空导弹武器系统,anti-aircraft missile weapon system
2,导弹武器体系,missile weapon system
2,防空武器系统,air defense weapon system
2,人工智能武器,artificial intelligence weapons
2,政策应对,policy response
2,陆军装备,Army equipment
2,空间材料科学,Space Materials Science
2,二元经济结构,dual economic structure
2,汇率,exchange rate
2,垄断,monopoly
2,国有经济成分,state-owned economy
2,北欧合作,Nordic cooperation
2,北欧理事会,nordic council
2,北欧防务合作,Nordic Defence Cooperation
2,气候变暖,global warming
2,北方海航道,Northern Sea Route
2,数据,data
2,国家数据,country data
2,数据治理体系建设,Data Governance System Construction
2,丹麦,Denmark
2,格陵兰,Greenland
2,原油价格,Crude oil prices
2,中俄经济合作,Sino-Russian Economic Cooperation
2,《自律组织法》,Self-Regulatory Organization Act
2,营商环境,business environment
2,法治化,Legalization
2,政党合作,Party cooperation
2,党的对外工作,The party's foreign work
2,统一俄罗斯党,united russia party
2,国家需求结构演变,The evolution of national demand structure
2,需求强度,demand intensity
2,国家需求曲线,national demand curve
2,合作空间,co-working space
2,中俄北极开发合作,Sino-Russian Arctic Development Cooperation
2,导弹系统,missile system
2,巡航导弹,cruise missile
2,核潜艇,nuclear submarine
2,俄乌关系,Russian-Ukrainian relations
2,佩列亚斯拉夫协议,Pereaslav Agreement
2,网络安全体系,network security system
2,世界主要国家,major countries in the world
2,满洲里学院,Manzhouli College
2,国际汉语,International Chinese
2,优势做法,Dominant practice
2,展望,Outlook
2,原油,crude
2,页岩油,Shale oil
2,油价,oil price
2,上合组织,SCO
2,上合组织扩员,SCO expansion
2,中俄太空合作,Sino-Russian space cooperation
2,美国太空战略,US space strategy
2,太空格局,space pattern
2,太空治理,space governance
2,化肥供应,Fertilizer Supply
2,钾肥资源,Potash resources
2,化肥价格,fertilizer price
2,化肥减量增效,Fertilizer reduction and efficiency
2,氯化钾,Potassium chloride
2,逆全球化,anti-globalization
2,全球化布局,Global layout
2,数据流动治理,Data Flow Governance
2,数据对策,Data countermeasures
2,区域合作,Regional cooperation
2,“一带一路”工程,"""One Belt One Road"" Project"
2,中白工业园,China-Belarus Industrial Park
2,设计总承包,Design general contracting
2,地区安全制度,regional security system
2,东盟地区论坛,ASEAN Regional Forum
2,“卫星”通讯社,"""Satellite"" news agency"
2,融媒品牌,Fusion media brand
2,军备控制,arms control
2,战略稳定性,strategic stability
2,新兴技术,Emerging Technologies
2,中美俄关系,Sino-US-Russian Relations
2,《国家安全战略》,National Security Strategy
2,数据资源,data resource
2,数据本地化存储,Data localized storage
2,惠益分享,benefit sharing
2,北极能源开发,Arctic energy development
2,印俄能源合作,India-Russia Energy Cooperation
2,抵近钳制,approach clamp
2,图书馆,library
2,未成年人服务,Minor Services
2,政策法规,Policies and regulations
2,国际矿山测量协会,International Association of Mine Surveyors
2,主席团会议,Bureau meeting
2,“十三五”期间,"During the ""Thirteenth Five-Year Plan"" period"
2,吉林省蒙俄外派师资情况,The situation of teachers dispatched from Mongolia and Russia in Jilin Province
2,蒙俄国际中文教学模式,Mongolian-Russian International Chinese Teaching Model
2,国际中文教师,International Chinese Teacher
2,亚历山大二世,Alexander II
2,俄法关系,Russian-French relations
2,变化,Variety
2,波罗的海,Baltic Sea
2,俄罗斯天然气工业股份公司,Gazprom
2,兆瓦时,MWh
2,矿用设备,mining equipment
2,安全准入,secure access
2,准入制度,access system
2,安全标志管理,Safety Sign Management
2,矿山安全治理,Mine Safety Governance
2,对外贸易,foreign trade
2,外贸政策,foreign trade policy
2,民间外交,people-to-people diplomacy
2,人文合作,Humanities cooperation
2,科技外交,Tech Diplomacy
2,有袋类,bagged
2,国际频道,international channels
2,德尔塔,Delta
2,北威州,NRW
2,远东政策,Far East Policy
2,远东发展,Far East Development
2,远东州长,far east governor
2,大型企业,large enterprise
2,木工机械,woodworking machinery
2,参展商,Exhibitors
2,进口替代战略,import substitution strategy
2,俄罗斯过境措施案,Russia Transit Measures Case
2,外交观,Diplomacy
2,中东国际关系,Middle East International Relations
2,土耳其,Turkey
2,东地中海,Eastern Mediterranean
2,“蓝色家园”,"""Blue Home"""
2,利比亚,Libya
2,海洋命运共同体,A community of shared future for the ocean
2,全球海洋治理,Global Ocean Governance
2,海洋合作,Ocean cooperation
2,中东欧“16+1”机制,"Central and Eastern Europe ""16+1"" Mechanism"
2,美俄博弈,American-Russian game
2,俄罗斯高等教育,Russian higher education
2,国际化,globalization
2,发展方向,Direction of development
2,实践,practice
2,外交部,Ministry of Foreign Affairs
2,太平洋岛国,Pacific Islands
2,太平洋岛屿,Pacific Islands
2,亚太经合组织,APEC
2,大洋洲,Oceania
2,瓦努阿图,Vanuatu
2,基里巴斯,Kiribati
2,战略利益,strategic interest
2,驱逐舰,destroyer
2,国防科研,National Defense Research
2,国有军工企业,State-owned military enterprise
2,私营企业,private enterprise
2,战略趋同,strategic convergence
2,特殊和特权战略伙伴关系,Special and Privileged Strategic Partnerships
2,驱动因素,driving factor
2,韧性增生,Tough growth
2,脆性断裂,brittle fracture
2,“丝绸之路经济带”,"""Silk Road Economic Belt"""
2,块模型,block model
2,qap回归,qap regression
2,俄罗斯仲裁,Russian Arbitration
2,仲裁机构,Arbitration institution
2,仲裁法院,Court of Arbitration
2,仲裁改革,Arbitration Reform
2,仲裁国际化,Internationalization of Arbitration
2,非联盟国家,non-union countries
2,“十四五”,"""Fourteenth Five"""
2,共产国际,Comintern
2,列宁,Lenin
2,阿尔伯特,albert
2,格鲁贝尔,Gruber
2,奥巴马,Obama
2,水工建筑物,Hydraulic building
2,安全监督,safety supervision
2,事故数据,accident data
2,统计分析,Statistical Analysis
2,国际政治,International Politics
2,美印关系,US-India relations
2,中俄印巴,China Russia India Pakistan
2,议程设置,Agenda setting
2,科技转移,Technology transfer
2,出口管制,export control
2,军火贸易,arms trade
2,单极世界,unipolar world
2,美苏冷战,US-Soviet Cold War
2,中亚各国,Central Asian countries
2,俄罗斯族,Russian
2,俄罗斯宪法改革,Russian Constitutional Reform
2,俄罗斯政治体系,Russian political system
2,叶利钦时代,Yeltsin era
2,普京时代,Putin era
2,中俄美欧关系,Sino-Russian U.S.-Europe Relations
2,大国战略互动,Great Power Strategic Interaction
2,国际多极化,international multi-polarization
2,俄罗斯国家安全,Russian national security
2,俄罗斯邻国,russian neighbors
2,俄罗斯外交政策,Russian foreign policy
2,欧亚地区秩序,Eurasian Regional Order
2,格洛纳斯,glonas
2,glonas,glonas
2,系统信号,system signal
2,经贸合作,Economic and Trade Cooperation
2,对策思考,Thinking about countermeasures
2,煤矿安全,coal mine safety
2,社会组织,social organization
2,反贫困实践,anti-poverty practice
2,迈克尔·麦克福尔,Michael McFaul
2,民主转型,democratic transition
2,反恐法,Anti-Terrorism Law
2,恐怖主义,terrorism
2,革命利益,Revolutionary interests
2,嬗变,transmutation
2,安全例外,security exception
2,多边贸易体制,multilateral trading system
2,乌克兰诉俄罗斯与转运有关的措施案,Ukraine v. Russia on Measures Related to Transshipment
2,国家主权利益,national sovereign interests
2,法律保障,legal protection
2,文化安全情报,Cultural Security Intelligence
2,总体国家安全观,general view of national security
2,反情报,counterintelligence
2,情报教育,intelligence education
2,情报预警,Intelligence early warning
2,超级大国,superpower
2,战争新形态,new form of war
2,军事技术合作,military technical cooperation
2,俄罗斯远东地区,Russian Far East
2,大国地缘政治竞争,Great Power Geopolitical Competition
2,美国核战略,US nuclear strategy
2,战略转型,Strategic Transformation
2,国际核秩序,international nuclear order
2,国家网络安全,National Cyber ​​Security
2,立法特点,Legislative Features
2,俄美退出《中导条约》,"Russia, US withdraw from INF Treaty"
2,俄美中导竞争,Russia-US China-guided competition
2,俄美反导竞争,Russia-US anti-missile competition
2,中国应对方略,China's coping strategy
2,博物馆收藏,museum collection
2,isu-122,isu-122
2,国际法保护,international law protection
2,“一带一路”建设,"""Belt and Road"" construction"
2,中俄能源,Sino-Russian Energy
2,产能合作,capacity cooperation
2,长期计划,long term plan
2,基础研究,basic research
2,探索性研究,exploratory research
2,俄联邦,Russian Federation
2,军事文化产业,Military Cultural Industry
2,军事主题文化产业园区,Military Theme Cultural Industry Park
2,创新路径,innovation path
2,俄国财产,Russian property
2,巴勒斯坦,Palestine
2,阿以冲突,Arab-Israeli conflict
2,苏以关系,Soviet-Israeli relations
2,欧俄气候合作,EU-Russia climate cooperation
2,“选择性接触”,"""Selective Access"""
2,欧俄能源关系,European-Russian Energy Relations
2,欧俄关系,European-Russian Relations
2,对俄政策,Russia Policy
2,遏制,contain
2,威慑,deterrence
2,攻击事件,attack event
2,网络攻击,Network attacks
2,网络安全事件,cyber security incident
2,协调外交,coordinating diplomacy
2,巴尔干战争,Balkan Wars
2,英国外交,British diplomacy
2,大国一致原则,The principle of unanimity of great powers
2,一战起源,Origins of World War I
2,能源领域,energy field
2,比较研究,compare research
2,林产品,forest products
2,国际竞争力,International Competitiveness
2,态势评估,Situation Assessment
2,北极地区开发,Development in the Arctic
2,美国智库,American think tank
2,重启,reboot
2,欧亚地区,Eurasia
2,世界体系,world system
2,导弹发射车,missile launcher
2,恩格斯,Engels
2,特卡乔夫主义,Tkachovism
2,巴枯宁主义,Bakuninism
2,区域经济合作,Regional Economic Cooperation
2,个人数据跨境流动,Cross-border flow of personal data
2,个人数据保护,personal data protection
2,隐私权,privacy
2,跨国贸易,cross-border trade
2,数字强国,digital powerhouse
2,核安全法规体系,Nuclear Safety Regulatory System
2,核与辐射安全,Nuclear and Radiation Safety
2,核安全技术,nuclear safety technology
2,环境保护,environmental protection
2,地缘要素,geopolitical element
2,驱动机制,drive mechanism
2,模糊定性分析法(fs/qca),Fuzzy Qualitative Analysis (fs/qca)
2,“直接的军事援助”,"""Direct Military Assistance"""
2,西藏,Tibet
2,“缓冲区”,"""buffer"""
2,英军联合计划委员会,British Army Joint Planning Committee
2,东方经济论坛,Eastern Economic Forum
2,生产多元化,Production diversification
2,经营多元化,business diversification
2,中东外交战略,Middle East Diplomatic Strategy
2,第五军区,Fifth Military Region
2,国际体育赛事,International sporting events
2,影响力,Influence
2,体育态度,sports attitude
2,中俄经济关系,Sino-Russian Economic Relations
2,平衡发展,Balanced development
2,双边贸易,bilateral trade
2,投资合作,Investment Cooperation
2,能力分异,Ability differentiation
2,军事协作,military cooperation
2,第二次世界大战,Second World War
2,联盟关系,alliance
2,伙伴关系,Partnerships
2,铸造材料,casting material
2,清代,Qing Dynasty
2,领土边界,territorial boundaries
2,外交关系,Diplomatic relations
2,民族化浪潮,wave of nationalization
2,博弈论,game theory
2,黑龙江省,Heilongjiang Province
2,能源产业合作,Energy Industry Cooperation
2,路径,path
2,童书,children's book
2,图书市场,book market
2,儿童文学奖,Children's Literature Award
2,东南亚,Southeast Asia
2,“大欧亚伙伴关系”,"""Greater Eurasian Partnership"""
2,中俄双边投资协定,Sino-Russian Bilateral Investment Agreement
2,海外利益保护,Protection of overseas interests
2,国际战略稳定,international strategic stability
2,国际军控体系,international arms control system
2,美俄军备竞争,US-Russian arms race
2,《中俄睦邻友好合作条约》,"""Sino-Russian Treaty of Good-Neighborliness, Friendship and Cooperation"""
2,中俄结盟,Sino-Russian alliance
2,俄罗斯国家身份,Russian national identity
2,俄罗斯国家治理,Russian state governance
2,帝国研究,Imperial Studies
2,俄罗斯政治,Russian politics
2,新修正主义,new revisionism
2,“通俄门”,"""Russian Gate"""
2,媒介塑造,media shaping
2,凉战,cool war
2,国际政治经济学,International Political Economy
2,多边框架,multilateral framework
2,战略协作,strategic collaboration
2,海外中国研究,Overseas Chinese Studies
2,习近平新时代中国特色社会主义思想,Xi Jinping Thought on Socialism with Chinese Characteristics for a New Era
2,数据保护,data protection
2,法律法规,laws and regulations
2,战略资源,strategic resources
2,资源合作,resource cooperation
2,俄罗斯太平洋地区,Russian Pacific
2,自然资源,natural resources
2,内在逻辑,inner logic
2,实现路径,Realize
2,武装冲突,armed conflict
2,特种作战,special operations
2,核电工业,nuclear power industry
2,北极军事力量,Arctic military power
2,考量,Consider
2,特点,Features
2,发展趋势,development trend
2,核政策,nuclear policy
2,apra,apra
2,联邦,federal
2,国家结构,State structure
2,国际动态,International dynamics
2,网络安全建设,Network security construction
2,联合国儿童权利委员会,United Nations Committee on the Rights of the Child
2,个人数据,personal data
2,俄罗斯联邦宪法,Constitution of the Russian Federation
2,网络运营者,network operator
2,联邦法律,federal law
2,法律制度体系,legal system
2,宪法权利,constitutional rights
2,第三方,third party
2,数据流动,data flow
2,大数据,Big Data
2,精准化,Precision
2,“北溪-2”天然气管道,"""Beixi-2"" natural gas pipeline"
2,能源因素,energy factor
2,俄美欧博弈,"Russia, America and Europe game"
2,互联网,the Internet
2,网络防御,cyber defense
2,黑客,hacker
2,国家互联网,National Internet
2,世界格局,world pattern
2,国家构想,national vision
2,运作体系,Operation system
2,供给端,supply side
2,需求端,demand side
2,均衡点,Equilibrium
2,国际能源市场,international energy market
2,研讨会,seminar
2,货币政策,Monetary Policy
2,外部冲击,external shock
2,影响因素,Influencing factors
2,华盛顿公约,Washington Convention
2,国际投资仲裁,International Investment Arbitration
2,《友好通商航海条约》,"Treaty of Amity, Commerce and Navigation"
2,《北美自由贸易协定》,North American Free Trade Agreement
2,过境运输,transit transport
2,通道权力,channel power
2,国家福利基金,National Welfare Fund
2,外汇资产,foreign exchange assets
2,俄罗斯财政部,Russian Ministry of Finance
2,国际储备资产,international reserve assets
2,圣彼得堡,St. Petersburg
2,国际经济,International economic
2,总统新闻秘书,presidential press secretary
2,私营军事公司,private military company
2,法律体系,Legal System
2,阿联酋外交,UAE diplomacy
2,威胁平衡,threat balance
2,对冲战略,hedging strategy
2,“增加朋友”,"""Add Friends"""
2,“减少敌人”,"""Reduce the enemy"""
2,个人信息,Personal information
2,跨境流动,cross-border movement
2,“大综合”标准,"The ""big comprehensive"" standard"
2,“黑名单”制度,"""Blacklist"" System"
2,利益再平衡,rebalancing of interests
2,匕首,dagger
2,先锋,pioneer
2,锆石,Zircon
2,新西兰,new Zealand
2,煤炭开采,coal mining
2,政策比较,Policy comparison
2,能源版图,energy map
2,科技档案馆,Science and Technology Archives
2,古比雪夫,Kuibyshev
2,档案工作,archival work
2,索契,Sochi
2,安保,security
2,经验,experience
2,警务安保,Police Security
2,外国经验,foreign experience
2,北方四岛,Four Northern Islands
2,南千岛群岛,South Kuril Islands
2,后疫情时代,Post-pandemic era
2,能源结构调整,energy structure adjustment
2,能源地缘政治博弈,Energy Geopolitical Game
2,绿色复苏,green recovery
